{
    "name": "root",
    "metadata": {
        "timer_format_version": "0.1.0",
        "start_time_seconds": "1750939874",
        "python_version": "3.8.20 (default, Oct  3 2024, 15:19:54) [MSC v.1929 64 bit (AMD64)]",
        "command_line_arguments": "C:\\Users\\descl\\anaconda3\\envs\\ml-agents\\Scripts\\mlagents-learn --run-id=car3 --resume",
        "mlagents_version": "0.30.0",
        "mlagents_envs_version": "0.30.0",
        "communication_protocol_version": "1.5.0",
        "pytorch_version": "2.4.1+cpu",
        "numpy_version": "1.21.2",
        "end_time_seconds": "1750939988"
    },
    "total": 114.2496041,
    "count": 1,
    "self": 0.0075827999999944495,
    "children": {
        "run_training.setup": {
            "total": 0.05899100000000024,
            "count": 1,
            "self": 0.05899100000000024
        },
        "TrainerController.start_learning": {
            "total": 114.1830303,
            "count": 1,
            "self": 0.10328690000034157,
            "children": {
                "TrainerController._reset_env": {
                    "total": 10.4078499,
                    "count": 1,
                    "self": 10.4078499
                },
                "TrainerController.advance": {
                    "total": 103.55934929999965,
                    "count": 4792,
                    "self": 0.08519829999967499,
                    "children": {
                        "env_step": {
                            "total": 102.92478469999993,
                            "count": 4792,
                            "self": 96.46274179999952,
                            "children": {
                                "SubprocessEnvManager._take_step": {
                                    "total": 6.391119100000278,
                                    "count": 4792,
                                    "self": 0.2854696000003347,
                                    "children": {
                                        "TorchPolicy.evaluate": {
                                            "total": 6.105649499999943,
                                            "count": 4754,
                                            "self": 6.105649499999943
                                        }
                                    }
                                },
                                "workers": {
                                    "total": 0.07092380000013243,
                                    "count": 4791,
                                    "self": 0.0,
                                    "children": {
                                        "worker_root": {
                                            "total": 75.71795229999942,
                                            "count": 4791,
                                            "is_parallel": true,
                                            "self": 14.090195799999833,
                                            "children": {
                                                "steps_from_proto": {
                                                    "total": 0.00045689999999964925,
                                                    "count": 1,
                                                    "is_parallel": true,
                                                    "self": 0.00019860000000093692,
                                                    "children": {
                                                        "_process_rank_one_or_two_observation": {
                                                            "total": 0.00025829999999871234,
                                                            "count": 4,
                                                            "is_parallel": true,
                                                            "self": 0.00025829999999871234
                                                        }
                                                    }
                                                },
                                                "UnityEnvironment.step": {
                                                    "total": 61.62729959999959,
                                                    "count": 4791,
                                                    "is_parallel": true,
                                                    "self": 0.46256079999985644,
                                                    "children": {
                                                        "UnityEnvironment._generate_step_input": {
                                                            "total": 0.40571330000010875,
                                                            "count": 4791,
                                                            "is_parallel": true,
                                                            "self": 0.40571330000010875
                                                        },
                                                        "communicator.exchange": {
                                                            "total": 59.24542499999999,
                                                            "count": 4791,
                                                            "is_parallel": true,
                                                            "self": 59.24542499999999
                                                        },
                                                        "steps_from_proto": {
                                                            "total": 1.5136004999996349,
                                                            "count": 4791,
                                                            "is_parallel": true,
                                                            "self": 0.796927600000064,
                                                            "children": {
                                                                "_process_rank_one_or_two_observation": {
                                                                    "total": 0.7166728999995708,
                                                                    "count": 19164,
                                                                    "is_parallel": true,
                                                                    "self": 0.7166728999995708
                                                                }
                                                            }
                                                        }
                                                    }
                                                }
                                            }
                                        }
                                    }
                                }
                            }
                        },
                        "trainer_advance": {
                            "total": 0.549366300000047,
                            "count": 4791,
                            "self": 0.1180199000005917,
                            "children": {
                                "process_trajectory": {
                                    "total": 0.43134639999945534,
                                    "count": 4791,
                                    "self": 0.43134639999945534
                                }
                            }
                        }
                    }
                },
                "trainer_threads": {
                    "total": 1.4000000021496817e-06,
                    "count": 1,
                    "self": 1.4000000021496817e-06
                },
                "TrainerController._save_models": {
                    "total": 0.11254279999999994,
                    "count": 1,
                    "self": 0.010716400000006843,