{
    "name": "root",
    "metadata": {
        "timer_format_version": "0.1.0",
        "start_time_seconds": "1750588205",
        "python_version": "3.8.20 (default, Oct  3 2024, 15:19:54) [MSC v.1929 64 bit (AMD64)]",
        "command_line_arguments": "C:\\Users\\descl\\anaconda3\\envs\\ml-agents\\Scripts\\mlagents-learn --run-id=car1 --resume",
        "mlagents_version": "0.30.0",
        "mlagents_envs_version": "0.30.0",
        "communication_protocol_version": "1.5.0",
        "pytorch_version": "2.4.1+cpu",
        "numpy_version": "1.21.2",
        "end_time_seconds": "1750588244"
    },
    "total": 38.9593705,
    "count": 1,
    "self": 0.007561500000001331,
    "children": {
        "run_training.setup": {
            "total": 0.03302730000000054,
            "count": 1,
            "self": 0.03302730000000054
        },
        "TrainerController.start_learning": {
            "total": 38.9187817,
            "count": 1,
            "self": 0.01421310000004894,
            "children": {
                "TrainerController._reset_env": {
                    "total": 23.873263,
                    "count": 1,
                    "self": 23.873263
                },
                "TrainerController.advance": {
                    "total": 14.940333499999944,
                    "count": 667,
                    "self": 0.012819999999894804,
                    "children": {
                        "env_step": {
                            "total": 14.860398199999977,
                            "count": 667,
                            "self": 13.974304799999977,
                            "children": {
                                "SubprocessEnvManager._take_step": {
                                    "total": 0.8765456999999692,
                                    "count": 667,
                                    "self": 0.04151660000004753,
                                    "children": {
                                        "TorchPolicy.evaluate": {
                                            "total": 0.8350290999999217,
                                            "count": 667,
                                            "self": 0.8350290999999217
                                        }
                                    }
                                },
                                "workers": {
                                    "total": 0.009547700000030801,
                                    "count": 666,
                                    "self": 0.0,
                                    "children": {
                                        "worker_root": {
                                            "total": 11.075589399999984,
                                            "count": 666,
                                            "is_parallel": true,
                                            "self": 2.708612200000019,
                                            "children": {
                                                "steps_from_proto": {
                                                    "total": 0.0005110000000030368,
                                                    "count": 1,
                                                    "is_parallel": true,
                                                    "self": 0.0002632000000026835,
                                                    "children": {
                                                        "_process_rank_one_or_two_observation": {
                                                            "total": 0.0002478000000003533,
                                                            "count": 2,
                                                            "is_parallel": true,
                                                            "self": 0.0002478000000003533
                                                        }
                                                    }
                                                },
                                                "UnityEnvironment.step": {
                                                    "total": 8.366466199999962,
                                                    "count": 666,
                                                    "is_parallel": true,
                                                    "self": 0.05553289999997091,
                                                    "children": {
                                                        "UnityEnvironment._generate_step_input": {
                                                            "total": 0.05363539999998679,
                                                            "count": 666,
                                                            "is_parallel": true,
                                                            "self": 0.05363539999998679
                                                        },
                                                        "communicator.exchange": {
                                                            "total": 8.08484190000004,
                                                            "count": 666,
                                                            "is_parallel": true,
                                                            "self": 8.08484190000004
                                                        },
                                                        "steps_from_proto": {
                                                            "total": 0.17245599999996486,
                                                            "count": 666,
                                                            "is_parallel": true,
                                                            "self": 0.10218559999996657,
                                                            "children": {
                                                                "_process_rank_one_or_two_observation": {
                                                                    "total": 0.07027039999999829,
                                                                    "count": 1332,
                                                                    "is_parallel": true,
                                                                    "self": 0.07027039999999829
                                                                }
                                                            }
                                                        }
                                                    }
                                                }
                                            }
                                        }
                                    }
                                }
                            }
                        },
                        "trainer_advance": {
                            "total": 0.06711530000007215,
                            "count": 666,
                            "self": 0.015741600000168887,
                            "children": {
                                "process_trajectory": {
                                    "total": 0.051373699999903266,
                                    "count": 666,
                                    "self": 0.051373699999903266
                                }
                            }
                        }
                    }
                },
                "trainer_threads": {
                    "total": 1.6000000044869012e-06,
                    "count": 1,
                    "self": 1.6000000044869012e-06
                },
                "TrainerController._save_models": {
                    "total": 0.0909704999999974,
                    "count": 1,
                    "self": 0.0020324999999985494,